{"cameraMode":{"drawMode":0,"name":"Shaded","section":"Shading Mode"},"sceneLighting":false,"audioPlay":false,"sceneViewState":{"m_AlwaysRefresh":false,"showFog":true,"showSkybox":false,"showFlares":true,"showImageEffects":true,"showParticleSystems":true,"showVisualEffectGraphs":true,"m_FxEnabled":true},"in2DMode":false,"pivot":{"x":-13.356365203857422,"y":5.924382209777832,"z":7.17888069152832},"rotation":{"x":0.0008853276958689094,"y":-0.9637028574943543,"z":0.2670334279537201,"w":0.0031704141292721035},"size":0.08660287410020828,"orthographic":false}