{"cameraMode":{"drawMode":0,"name":"Shaded","section":"Shading Mode"},"sceneLighting":false,"audioPlay":false,"sceneViewState":{"m_AlwaysRefresh":false,"showFog":true,"showSkybox":false,"showFlares":true,"showImageEffects":true,"showParticleSystems":true,"showVisualEffectGraphs":true,"m_FxEnabled":true},"in2DMode":false,"pivot":{"x":2.9260759353637697,"y":4.288517951965332,"z":-3.5825612545013429},"rotation":{"x":0.006335826590657234,"y":-0.9264343976974487,"z":0.3688684105873108,"w":-0.07517371326684952},"size":0.10792259126901627,"orthographic":false}