{"cameraMode":{"drawMode":0,"name":"Shaded","section":"Shading Mode"},"sceneLighting":true,"audioPlay":false,"sceneViewState":{"m_AlwaysRefresh":false,"showFog":true,"showSkybox":true,"showFlares":true,"showImageEffects":true,"showParticleSystems":true,"showVisualEffectGraphs":true,"m_FxEnabled":true},"in2DMode":false,"pivot":{"x":-2.0340347290039064,"y":0.5267430543899536,"z":12.690244674682618},"rotation":{"x":0.007256216835230589,"y":-0.9732400178909302,"z":0.2276814728975296,"w":0.03094789758324623},"size":4.172440528869629,"orthographic":false}